199001,21.84,46.17,71.13,97.05,129.19,165.6,220.66,287.15,367.22,474.21,599.24,762.06,956.6,1271.09,1692.06,2187.25,2938.13,4368.8,7443.15,58826.7
199002,21.44,48.44,73.22,99.71,132.95,173.81,221.51,297.74,382.91,480.67,614.72,773.5,972.53,1271.25,1711.83,2210.77,3005.44,4363.32,7528.56,60127.73
199003,22.06,48.54,76.39,103.91,135.3,178.51,235.36,306.7,391.26,496.48,628.83,788.98,1021.24,1308.51,1757.71,2264.18,2995.6,4482.02,7663.19,60990.04
199004,20.57,45.51,71.04,95.87,127.74,175.95,215.23,286.04,373.41,461.14,595.04,757.41,949.43,1219.14,1684.24,2131.67,2828.83,4241.96,7481.06,62642.3
199005,21.25,49.02,74.62,101.04,133.79,181.13,240.86,302.58,390.99,497.73,635.93,819.51,1044.84,1326.66,1798.73,2268.97,3118.24,4633.87,8030,68964
199006,20.28,49,74.37,100.65,141.04,181.04,236.47,302.63,389.58,501.36,632.53,802.55,999.85,1291.16,1761.39,2246.78,3012.07,4526.97,7686.45,67527.25
199007,19.32,45.41,70.92,96.38,133.68,181.43,230.88,286.81,377.91,486.92,602.74,776.65,966.14,1270.98,1733.32,2186.12,2939.81,4614.96,7641.5,64843.75
199008,16.3,38,60.86,82.06,113.71,150.75,194.83,244.46,318.03,422.55,532.8,681.97,841.16,1140.7,1540.03,1955.67,2672.6,4159.54,7111.31,62500
199009,15.34,33.92,51.65,74.17,102.95,138.57,174.1,230.18,291.31,386.71,481.87,630.64,790.88,1032.52,1378.03,1877.6,2469.88,3938.78,6630.18,61106.38
199010,13.23,29.36,46.74,63,90.29,124.24,162.72,202.63,267.93,363.06,459.28,613.76,750.35,968.71,1304.06,1813.12,2475.9,3853.74,6661.17,61106.38
199011,13.21,29.68,47.41,66.59,94.85,134.26,170.31,212.17,289.3,384.12,477.65,647.12,807.31,1046.33,1389.5,1935.29,2676.62,4139.95,7088.32,65089.97
199012,11.66,29.89,46.6,66.74,99.1,135.82,175.75,223.29,302.89,400.69,505.08,670.54,837.54,1103.08,1489.69,2033.33,2766.5,4394.19,7320.28,64528.99
199101,13.61,33.54,52.65,74.37,109.19,152.1,186.01,241.21,320.96,426.92,550.78,697.29,892.55,1148.81,1500.7,2070.47,2876.96,4650.04,7781.4,72380.97
199102,16.04,37.62,60.01,85.58,123.96,168.16,204.14,261.57,351.93,474.61,593.17,747.08,966.11,1243.12,1676.29,2214.25,3095.97,4889.99,7925.5,73523.07
199103,17.9,40.14,63.92,91.25,131.61,175.19,212.04,279.56,372.32,486.36,609.16,787.43,990.03,1297.17,1679.64,2235.02,3061.82,4860.63,8358.72,72832.5
199104,16.99,40.97,64.14,91.07,128.05,174.23,211.31,279.98,378.07,493.56,613.28,783.36,978.31,1266.9,1692.77,2240.6,3000.71,4721.09,8161.9,74077.5
199105,18.49,41.34,66.58,96.99,127.66,182.25,228.74,294.88,401.38,514.87,635.9,812.45,1024.8,1325.06,1777.46,2300.33,3194.17,4887.37,8562.11,72521.25
199106,17.93,41.07,64.78,92.22,125.7,180.11,223.51,291.9,375.26,499.87,604.77,783.35,981.08,1257.58,1662.04,2205.25,2981.08,4658.98,8376.97,72350.86
199107,16.31,40.03,64.62,93.34,127.89,178.76,230,293.74,380.89,515.99,634.36,796.85,1006.32,1314.34,1740.6,2268.5,3117.11,4850.26,8688.44,73906.79
199108,16.99,41.15,65.26,94.99,131.09,181.37,239.18,309.66,402.88,531.23,662.2,815.32,1027.84,1346.95,1771.09,2365.7,3148.78,4893.07,9063.4,72506.45
199109,18.01,43.38,66.04,95.99,135.27,177.22,241.89,325.44,406.04,540.69,666.39,835.41,1049.9,1347.37,1743.41,2424.82,3155.88,4864.24,8579,74008.36
199110,15.41,41.86,67.74,93.7,135.79,184.5,241.52,323.52,414.21,541.83,680.32,835.78,1014.44,1360.87,1749.27,2388.32,3159.77,4904.31,8589.43,75874.12
199111,14.8,41.03,65.51,94.51,128.95,181.06,228.31,298.2,397.87,494.08,623.74,786.41,978.72,1277.35,1688.83,2216.99,2929.27,4784.3,8377.35,72920
199112,14.16,42.2,68.48,101.59,141.74,191.58,255.82,330.79,423.51,553.33,676.22,872.14,1077.9,1420.97,1845.02,2505.72,3324.13,5116.4,9247.86,75653.02
199201,22.56,51.42,81.26,106.92,153.18,209.74,268.41,349.45,435.16,569.58,719.94,891.1,1102.77,1418.08,1872.19,2520.11,3240.3,5146.52,9215.62,72390.77
199202,25.18,54.98,81.85,119.14,158.49,212.3,267.95,354.69,450.92,588.63,727.9,901.96,1115.23,1459.19,1849.23,2540.73,3373.6,5115.71,9093.73,70992.66
199203,26.39,56.76,81.98,121.73,156.71,210.16,264.27,345.57,439.98,571.56,718.13,890.26,1091.28,1422.15,1806.26,2472.87,3228.29,5224.86,9016.66,69866.04
199204,24.93,53.73,78.82,114.04,155.47,199.78,262.29,333.95,438.9,549.88,703.14,883.52,1095.75,1399.57,1843.44,2522.88,3355.17,5377.29,9107.86,74520
199205,24.3,51.5,77.73,112.43,151.63,201.05,267.94,343.94,426.56,545.02,700.02,877.57,1076.61,1358.61,1808.92,2527.26,3227.49,5200.85,9221.61,75296.25
199206,22.28,50.99,74.71,109.26,144.08,192.32,258.64,326.05,425.05,521.39,668.99,856,1050.6,1314.97,1745.86,2500.51,3269.64,5051.35,9091.54,76848.75
199207,23.91,51.55,76,113.12,147.55,205.36,269.35,347.64,430.31,547.72,714.04,875.1,1088.6,1379.93,1818.64,2566.85,3378.44,5159.83,9135.57,78867
199208,23.91,49.31,73.72,106.96,145.79,197.15,258.13,329.79,411.51,540.14,694.62,871.22,1042.06,1333.42,1757.55,2477.8,3243.3,5012.2,8782.26,79798.5
199209,24.59,52.08,75.2,108.69,155.35,199.86,272.35,337.12,421.64,547.56,710.78,881.56,1085.71,1354.99,1765.89,2588.8,3390.18,5236.3,8952.4,79299.73
199210,24.7,52.62,76.3,114.6,158.01,208.99,269.1,348.75,443.39,554.26,730.14,909.34,1109.97,1385.46,1848.4,2598.57,3394.66,5131.94,9135.85,76040.84
199211,27.56,57.05,82.61,121.91,169.42,224.3,283.51,369.95,467.7,583.79,760.54,958.89,1156.96,1454.94,1910.71,2643.89,3547.5,5362.99,9431.62,73980.07
199212,31.47,58.93,88.22,130.16,178.78,233.27,289.98,371.52,479.51,603.19,785.74,964.93,1178.08,1475.93,1942.08,2717.55,3546.97,5322.15,9370.88,75884.43
199301,33.09,62.37,89.81,135.26,187.45,242.71,299.95,383.4,498.36,626.16,801.07,990.38,1207.65,1494.07,2005.23,2737.74,3631.71,5381.88,9412.96,75884.43
199302,32.03,61.17,89.57,133.07,186.22,235.7,301.73,379.3,479.48,611.96,784.05,973.25,1197.09,1498.28,2014.83,2742.76,3656.59,5497.55,9488.24,78988.09
199303,33.57,62.95,92.64,140.49,192.38,244.91,322.9,396.9,505.8,628.3,806.84,999.19,1266.04,1516.77,2082.35,2853.76,3808.67,5526.1,9806.38,82127.25
199304,32.92,60.92,88.86,138.45,193.04,241.55,308.52,393.59,496.3,620.66,778.02,976.6,1223.48,1475.88,2044.32,2747.92,3746.03,5285.41,9540.1,81972
199305,33.58,62.69,91.75,146.22,197.84,248.44,324.5,412.68,513.94,630.05,792.82,983.53,1242.65,1535.07,2050,2770.05,3737.94,5333.35,9470.69,82139.95
199306,33.42,60.84,94.89,145.62,201.42,253.57,326.05,414.95,505.44,640.11,811.76,1018.31,1234.09,1572.28,2062.61,2855.41,3725.19,5462.86,9671.64,84682.02
199307,33.42,62.13,96.71,147.41,198.77,256.06,326.66,404.12,523.57,628.3,804.9,1033.88,1262.36,1548,2034.77,2829.11,3826.35,5322.41,9886.7,85186.08
199308,34.01,63.8,102.04,150.2,206.96,267.39,337.36,421.65,530.86,635.93,836.07,1074.62,1303.23,1615.66,2133.19,2933.63,3943.62,5501.49,10169.77,84514
199309,34.35,64.21,105.94,156,210.37,274.95,345.29,426.37,536.7,649.46,836.83,1063.44,1320.85,1610.89,2144.94,2923.88,3967.2,5462.51,10225.45,81891.34
199310,35.83,66.77,110.13,161.77,217.43,277.85,348.74,435.5,542.04,667.39,837.21,1041.35,1309,1597.8,2143.33,2903.71,3971.24,5450.73,10053.94,82852.26
199311,41.74,66.29,111.98,163.31,213.71,269.85,343.35,423.79,526.98,661.13,812.58,1018.98,1237.07,1587.92,2047.12,2820.04,3812.01,5410.64,9516.59,84026.71
199312,43,69.1,119.01,167.9,218.08,281.94,350.97,430.72,549.74,679.63,830.5,1031.94,1300.39,1620.71,2133.63,2928.71,4008.37,5572.41,9412.14,89451.55
199401,45.45,75.24,125.1,171.29,219.48,281.87,357.79,446.65,563.96,687.27,863.72,1062.94,1310.75,1653.36,2130.81,2924.6,3983.1,5727.34,9814.01,91903.74
199402,46.8,73.82,123,163.53,220.89,280.99,352.55,444.11,557.95,681.24,850.27,1066.15,1274.43,1635.51,2070.5,2854.28,3905.43,5412.6,9999.32,89878.02
199403,46.58,71.59,118.27,156.76,206.03,264.67,330.19,418.02,525.24,643.19,804.71,990,1207.14,1509.43,1972.16,2714.72,3813.24,5165.39,9225.89,85383.3
199404,45.96,70.65,120.54,156.62,211.12,270.74,326.35,427.89,515.83,631.57,790.99,990.66,1229.83,1493.96,2014.42,2687.66,3732.42,5334.08,9774.7,81327.59
199405,45.88,70.06,118.04,154.01,204.31,253.51,325.85,407.35,506.18,627.16,778.28,953.97,1199.77,1518.87,1987.66,2669.96,3706.82,5281.62,9687.35,84956.38
199406,43.54,65.36,111.22,151.28,199.81,252.58,317.96,397.34,507.85,617.35,758.4,933.18,1182.07,1470.98,1929.1,2571.67,3594.24,5217.04,8973.44,79746.79
199407,44.03,68.02,111.02,153.93,204.77,250.22,324.67,411.98,507.9,627.53,771.01,967.11,1216.76,1540.39,1929.07,2671.48,3650.66,5189.67,9253.7,86160.74
199408,45.24,71.16,114.21,159.72,212.15,262.48,341.31,433.01,534.97,658.4,822.78,1011.63,1253.38,1605.66,2074.88,2753.81,3758.03,5556.71,9691.38,85190.26
199409,45.56,73.03,114.26,162.28,208.96,263.41,340.79,422.15,527.44,649.25,796.07,1003.25,1221.32,1545.91,1955.58,2736.84,3630.77,5270.91,9623.03,84752.35
199410,47.31,74.22,113.8,160.65,212.05,252.85,330.27,418.22,522.12,657.17,790.66,986.02,1214.57,1555.79,1990.17,2707.46,3682.12,5316.87,9774.97,86287.2
199411,43.57,70.68,106.94,150.16,196.88,240.08,312.19,400.71,494.64,612.79,753.47,912.39,1132.84,1456.49,1912.93,2506.49,3507.81,5127.15,9219.83,78644.36
199412,45.46,69.32,105.03,146.2,199.9,244.89,311.44,403.88,501.49,613.28,764.91,943.95,1139.93,1435.06,1905.44,2495.4,3504.41,5089.31,9188.23,87192.66
199501,45.47,70.56,108.28,151.33,200.04,240.08,307.34,401.53,489.82,613.13,762.11,941.78,1163.93,1463.9,1938.96,2597.44,3592.04,5323.12,9237.8,88047.49
199502,48.04,73.26,111.18,156.93,203.11,251.35,315.47,410.29,508.56,639.26,803.24,986.48,1213.95,1533.63,2020.3,2694.9,3803.43,5435.07,9567.11,93603.89
199503,48.04,71.73,107.29,156.53,202.93,256.46,326.65,410.57,503.77,647.48,788.98,1002.39,1232.2,1579.65,2005.95,2739.7,3926.59,5555.28,9500.36,92321.64
199504,46.98,73.42,109.99,157.57,209.2,267.59,330.24,419.46,508.44,636.78,792.73,1000.66,1264.6,1564.13,2031,2789.83,3893.62,5616.12,10156.67,95740.96
199505,47.25,75.47,114.19,163.48,213.17,268.78,333.01,426.39,517.5,653.24,809.1,991.75,1293.31,1610.57,2073.3,2876.39,4045.54,5731.98,10773.01,98400.42
199506,47.36,79.36,121.32,162.67,219.41,286.79,347.36,432.94,536.46,676.79,817.67,1008.46,1313.77,1677.08,2131.68,2871.67,4111.99,5809.27,10910.93,95492.38
199507,50.94,82.92,122.81,168.8,227.15,293.76,375.3,460.37,572.73,699.91,860.95,1058.62,1361.84,1757.73,2184.62,2983.82,4259.35,5936.14,10996.17,99938.8
199508,52.03,85.05,126.42,175.41,232.26,298.82,380.16,473.13,580.12,708.31,874.96,1072.17,1366.26,1762.51,2164.38,3027.39,4371.99,6093.52,11129.59,99727.07
199509,51.38,88.07,127.25,174.97,235.83,303.4,392.03,487.9,596.63,717.11,885.34,1078.31,1356.3,1773.08,2219.39,3068.92,4376.9,6391.67,11613.45,107254.72
199510,47.53,82.83,120.44,164.66,224.81,282.6,362.03,459.44,561.88,686.92,864.98,1064.75,1337.32,1685.04,2223.2,2977.53,4310.13,6182.64,12034.3,106413.51
199511,48.67,82.81,127.28,169.63,230.88,295.12,378.99,470.1,582.42,712.62,907.95,1124.17,1423.17,1799.01,2280.05,3130.79,4415.34,6523.47,12122.73,112117.21
199512,49.21,83.83,127.77,173.58,236.83,309.27,380.14,472.57,590.05,714.85,917.06,1147.66,1396.75,1776.13,2267.71,3107.33,4350.24,6422.63,12245.02,120259.8
199601,48.25,84.64,130.49,180.12,237.17,305.7,383.73,477.24,584.53,709.58,898.17,1153.04,1426.23,1797.73,2310,3094.58,4570.38,6779.35,12692.44,128193.61
199602,49.67,85.84,132.93,182.91,242.29,311.45,389.12,488.81,604.53,741.49,912.51,1171.33,1442.89,1831.25,2322.97,3125.98,4628.91,6874.27,13100.61,126105.77
199603,50.01,88.57,140.63,193.67,246.41,313.03,398.68,499.1,613.23,751.31,936.7,1164.21,1492.08,1876.87,2416.84,3226.97,4699.06,6818.2,13141.58,130072.66
199604,54.86,92.83,146.99,199.19,260.01,333.55,418.27,517.85,628.93,774.84,970.2,1219.98,1516.76,1934.23,2411.96,3237.78,4694.8,6866.55,13003.69,128430.21
199605,58.67,104.85,158.67,212.14,275.2,357.95,441.11,541.41,660.72,810.89,973.18,1257.61,1536.07,1959.56,2442.44,3337.45,4711.41,7047.02,12982.88,137574.11
199606,54.66,96.75,147.42,201.87,264.33,346.95,429.97,525.01,635.8,781.99,984.79,1210.84,1487.92,1905.45,2442.49,3296.78,4653.99,6921.24,13111.39,144224.22
199607,52.67,93.38,136,183.28,246.16,319.56,400.84,483.08,601.58,733.29,910.39,1124.07,1407.69,1801.42,2279.2,3058.3,4427.54,6559.41,12609.07,136514.84
199608,52.28,94.18,145.12,192.54,254.72,335.08,410.1,510.44,641.55,757.45,938.61,1172.99,1481.5,1874.55,2361.98,3157.04,4640.4,6792.07,13352.38,137967.14
199609,53.08,94.79,149.03,198.22,263.9,348.27,424.3,525.25,637.48,765.61,944.54,1188.37,1493.78,1953.48,2486.79,3310.82,4774.07,7079.18,14269.29,150264.2
199610,51.48,94.59,147.15,192.86,260.08,345.86,418.46,516.72,623.29,755.04,929.58,1184.86,1513.1,1941.66,2451.86,3318.8,4660.08,7206.27,13450.25,159758.92
199611,51.45,97.84,153.75,200.27,272.13,356.1,437.19,529.72,641.33,776.76,962.42,1231.15,1588.13,1993.11,2569.82,3393.08,5040.61,7694.38,14193.6,171730.52
199612,53.68,97.32,156.39,203.51,278.39,354.21,433.77,525.97,647.91,792.3,952.66,1205.24,1579.96,1980.04,2594.64,3443.63,4870.7,7543.36,13550.51,162789.88
199701,55.47,99.58,168.08,216.9,284.92,362.61,437.32,542.38,666.98,791.9,979.03,1219.36,1605.2,2011.5,2626.72,3478.75,4993.84,7643.95,14397.15,170404.58
199702,53.39,105.8,162.67,212.87,281.65,360.76,435.03,527.67,647.99,784.41,955.16,1190.42,1605.36,2020.97,2659.82,3400.16,5087.77,7654.79,14982.14,169375.56
199703,51.07,101.31,154.53,202.37,265.28,345.34,412.51,505.73,626.49,741.17,917.19,1155.38,1539.98,1932.03,2528.59,3350.09,4777.31,7505.19,14230.92,163407.28
199704,49.12,94.53,148.65,198.85,268.42,342.82,418.41,496.4,629.12,748.93,922.63,1164.86,1552.03,1952.02,2536.73,3382.6,5017.3,7623.52,15107.96,182060.31
199705,54.37,105.63,164.65,220.2,294.54,371.84,463.45,550.91,687.6,809.4,977.54,1236.22,1655.54,2103.45,2676.36,3646.17,5253.58,8164.65,15324.22,197207.94
199706,56.41,111.59,172.72,236.56,300.4,385.35,485.73,595.98,705.2,844.82,1027.76,1266.85,1667.3,2155.71,2782.7,3591.75,5360.22,8308.64,16181,212314.97
199707,61.26,120.31,184.62,243.56,317.83,410.75,507.58,613.02,736.7,895.89,1064.38,1316.59,1734.8,2314.43,2971.77,3971.91,5740.96,8734.51,17624.92,229034.56
199708,65.49,128.11,192.12,258.91,318.76,422.58,516.07,626.46,767.03,899.67,1069.14,1324.24,1754.8,2323.1,2949.35,3994.93,5738.03,8472.51,17031.8,204334.77
199709,70.25,135.73,207.91,270.25,340.52,443.29,554.38,669.95,809.08,968.62,1154.66,1392.26,1858.34,2463.16,3098.93,4152,5848.84,8915.58,17384.82,222298.25
199710,71.03,137.88,199.17,259.76,328.59,430.37,532.76,639.96,780.82,918.43,1092.08,1351.32,1760.83,2321.39,2952.78,3927.03,5665.06,8711.25,16398.59,211499.92
199711,70.77,132.26,195.79,254.81,328.47,424.67,534.45,622.41,765.67,915.2,1090.43,1364.93,1774.7,2320.63,2932.9,4021.45,5687.21,9171.75,17458.71,241772.64
199712,68.33,127.61,191.71,258.57,342.93,430.41,516.82,638.45,782.11,944.91,1112.43,1398.73,1807.63,2364.46,2976.7,4015.82,5907.47,9221.34,18055.87,240136.28
199801,66.91,126.37,188.2,255.14,334.7,428.97,510.79,616.65,762.65,916.95,1090.43,1370.4,1777.3,2285.35,2960.99,3959.2,5789.33,8918.26,17975.45,253636.27
199802,66.48,133.02,204.31,275,357.2,457.12,548.95,675.21,815.34,969.48,1164.26,1501.3,1929.97,2445.26,3184.53,4268.17,6322.46,9605.37,20012.93,254454.45
199803,77.88,144.27,212.2,283.69,370.67,472.07,569.34,694.18,845.26,1008.13,1247.35,1591.5,1987.54,2528.64,3366.04,4505.39,6455.55,10198.76,21099.71,281006.59
199804,79.34,147.44,213.37,288.72,380.57,474.46,569.69,702.45,850.97,1031.59,1244.09,1601.21,1968.97,2538.96,3337.46,4561.32,6524.4,10273.69,21142.41,277746.16
199805,76.72,141.28,201.16,273.22,357.79,449.06,548.55,669.14,815.82,978.52,1195.07,1482.63,1924.88,2441.42,3202.45,4354.67,6439.43,10081.83,20622.12,271637.59
199806,70,134.44,191.09,259.99,345.9,438.59,534.51,660.78,808.16,959.76,1187.7,1471.7,1864.61,2383.9,3192.88,4415.08,6495.59,10105.39,21766.58,296072.75
199807,64.8,121.01,181.7,249.52,308.71,397.51,489.38,599.88,717.22,876.73,1062.34,1368.13,1741.09,2226.51,2916.95,4095.57,6274.31,9840.07,21739.08,291389.34
199808,52.04,100.62,146.04,196.02,248.55,318.54,390.27,469.12,578.34,718.29,873.14,1106.55,1414.98,1831.78,2431.22,3520.08,5410.76,8191.93,18435.02,260294.72
199809,54.5,101.05,148.32,198.92,262.82,325.22,403.27,483.33,602.22,744.94,891.83,1108.71,1457.53,1951.8,2629.44,3610.5,5491.12,8705.84,19854.75,258871.23
199810,55.73,99.48,152.57,193.96,263.2,332.3,418.32,513.92,635.56,759.2,924.58,1178.44,1572.15,2067.16,2702.54,4013.26,5915.81,9341.39,21204.54,284697.34
199811,56.39,104.17,151.98,202.26,278.67,348.06,423.19,531.19,653.96,801.27,992.42,1233.56,1606.05,2137.07,2787.86,4100.63,5965.76,9720.17,21343.45,296143.97
199812,55.42,101.28,150.98,209.92,279.06,356.3,435.09,536.96,662.97,817.4,1022.72,1293.47,1623.89,2143.74,2917.04,4205.12,6015.14,10048.35,22943.38,334237.16
199901,58.22,100.12,150.69,199.96,270.8,334.9,424.37,528.04,649.9,784.33,975.03,1225.15,1577.66,2064.39,2770.99,3988.22,5747.5,9703.7,22384.54,343658.06
199902,55.55,93.52,142.54,188.64,242.85,306.32,388.84,486.03,593.85,722.85,925.71,1168.32,1494.34,1987.3,2725.04,4014.66,5658.28,9686.03,21774.32,328707.5
199903,53.7,93.42,135.41,183.13,238.31,309.64,399.73,494.22,594.89,750.93,950.48,1171.13,1543.59,2017.46,2703.6,3954.83,6098.12,10362.13,21410.13,362322.75
199904,56.77,103.29,160.85,216,273.3,344.65,442.97,560.65,659.51,809.36,1031.09,1307.13,1699.29,2247.49,2958.55,4298.48,6576.29,10765.63,24504.28,345127.78
199905,57.76,107.2,159.49,221.39,297.6,367.79,469.76,579.42,684.9,845.44,1055.37,1304.95,1682.44,2281.58,2981.68,4342.79,6759.4,10646.28,24092.03,332709.09
199906,58.87,103.74,158.96,231.02,318.62,396.74,487.6,604.61,720.33,899.5,1098.6,1364.69,1763.39,2324.29,3084.9,4430.6,6749.28,10723.49,24920.06,369722.22
199907,61.88,108.04,162.6,229.39,312.55,387.67,482.76,591.88,708.8,879.24,1085.96,1375.67,1803.24,2295.69,3078.56,4346.37,6515.62,11004.36,23101.6,356634.69
199908,55.41,104.45,152.13,214.77,294.66,370.75,449.59,562.91,684.49,853.02,1016.43,1305.29,1653.5,2173.67,2960.51,4068.29,6494.94,10593.75,23268.29,367472.78
199909,49.48,99.77,149.11,208.64,280.38,365.23,446.47,554.43,660.05,838.43,1005.8,1237.96,1612.88,2089.57,2859.2,3851.94,6031.09,10097,22756.21,387922.03
199910,46.84,89.51,140.95,194.09,262.03,330.64,417.14,516.65,637.71,792.35,990.87,1231.34,1598.34,2123.81,2840.45,3926.1,6186.79,10111.82,24178.18,444121.88
199911,50.03,94.22,138.09,194.2,263.75,335.78,422.92,526.06,642.27,806,997.55,1242.86,1641.46,2154.53,2809.42,4026.11,6549.98,10177.93,25484.86,426504.47
199912,49.98,93.47,140.15,191.21,265.55,348.46,442.03,529.13,664.47,837.63,1047.75,1285.68,1676.36,2143.63,2939.66,4276.09,6617.29,10314.82,27867.25,507216.66
200001,53.53,95.65,139.54,189.04,253.38,330.55,410.25,507.74,623.73,799.28,986.95,1205.58,1578.18,2003.4,2767,4124.07,6133.99,9852.42,25078.73,437976.25
200002,54.97,94.43,136.4,185.92,247.65,318.99,415.35,511.02,635.3,765.07,935.47,1169.14,1454.45,1886.07,2740.67,3950.84,5757.18,9278.64,24630.72,433879.19
200003,48.71,95.93,145.16,198.05,259.02,347.69,430.54,536.62,681.09,878.25,1075.02,1384.3,1724.58,2203.74,3105.15,4467.71,6732.37,10440.57,28482.35,512832.94
200004,49.17,90.06,136.99,188.52,258.78,341.34,438.69,547.16,707.57,891.34,1092.44,1333.8,1701.73,2214.57,3254.59,4534.08,6809.81,10726.38,27743.99,518187.81
200005,48.98,91.74,133.33,196.05,257.83,339.41,434.85,561.99,710.05,882.28,1097.4,1380.21,1764.83,2298.27,3260.14,4589.12,6902.79,11308.91,27960.13,521259.88
200006,52.47,87.12,132.74,199.3,269.04,351.37,453.36,564.35,715.92,904.1,1101.77,1382.18,1737.18,2274.2,3141.68,4380.65,6666.96,10786.83,25762.98,524351.56
200007,53.26,86.53,136.19,199.59,271.02,346.91,457.71,580.06,716.57,900.4,1130.24,1414.04,1768.05,2288.54,3129.49,4457.35,6605.01,10760.55,24248.53,508893.09
200008,55.09,90.18,140.35,209.73,279.9,361.27,483.56,600.38,753.79,976.78,1163.51,1473.25,1862.76,2368.14,3311.19,4845.24,7169.75,11540.18,27277.65,581098.88
200009,48.33,89.02,133.69,197.23,266.13,358.62,467.28,604.58,735.58,954.52,1181.64,1469.36,1883.15,2375.88,3214.93,4846.43,6994.45,11897.97,27110.6,571614
200010,46.19,83.18,126.51,189.07,252.6,338.53,451.83,595.8,743.74,941.63,1180.4,1447.36,1897.8,2394.78,3267.57,4816.88,7243.66,11618.44,26466.62,543126.19
200011,41.87,76.23,124.84,183.19,245.7,337.44,433.4,560.35,725.98,914.06,1119.71,1451.38,1859.8,2398.32,3219.83,4725.92,6872.63,11776.07,27152.06,491105
200012,38.02,82.29,126.11,193.83,259.72,370.33,478.93,621.34,800.91,989.61,1220.26,1583.32,2043.46,2588.35,3490.61,5105.33,7275.23,12687.08,28333.61,475003.19
200101,54.71,96.44,147.9,224.81,300.12,398.86,513.23,657.19,844.49,1058.41,1291.87,1657.69,2023.64,2575.7,3624.43,5185.12,7649.33,12452.88,28433.06,455606.69
200102,49.91,97.27,151.53,229.55,295.71,392.45,522.17,656.51,821.23,1025.85,1267.89,1603.3,1993.41,2579.58,3564.95,5073.26,7349.67,12542.98,29149.74,460759.28
200103,47.29,88.79,144.46,216.27,288.03,381.38,493.45,628,818.83,1010.99,1258.86,1550.51,1955.45,2514,3368.69,4859.92,7146.81,12188.53,28193.95,415792.41
200104,46.31,94.1,151.22,232.54,320.56,415.64,535.06,659.93,869.5,1080.91,1321.34,1680.79,2126.85,2756.48,3694.35,5329.01,7581.46,12926.76,29765.07,482051.94
200105,52.14,104.99,183.22,257.35,343.74,437.54,557.01,697.53,906.26,1136.71,1394.01,1724.69,2166.93,2675.64,3911.02,5404.78,7938.33,13204.48,30454.88,486720.5
200106,54.99,107.7,194.1,272.24,363.28,476.06,593.42,738.36,936.58,1144.42,1362.48,1694.81,2139.33,2689.79,3749.42,5343.62,7753.13,12566.72,29244.25,484237.22
200107,55.36,107.25,184.22,267.42,356,453.23,598.77,743.01,938.89,1139.29,1381.32,1690.45,2186.34,2790.89,3724.16,5238.45,7522.87,12561.98,29803.99,432165.78
200108,53.78,105.64,183.83,266.45,346.4,460.57,571.38,732.44,903.25,1106.18,1358.17,1666.76,2180.7,2757.3,3672.38,5089.46,7366.77,12331.01,29243.3,407129.97
200109,42.86,84.95,145.95,224.29,301.49,384.4,488.32,642.62,766.31,959.24,1213.57,1515.83,1860.95,2473.08,3138.85,4600.62,6825.98,11248.4,25781.24,369576.28
200110,41.06,88.02,152.94,225.87,314.86,406.28,518.15,653.99,819.42,1003.18,1243.53,1555.76,1942.16,2462.81,3312.58,4592.31,6867.18,11272.03,25052.1,361727.72
200111,46.85,99.16,177.26,250.27,342.36,438.86,556.84,717.63,880.66,1097.33,1360.03,1669.39,2062.23,2708.59,3600.7,4919.75,7475.39,11986.98,27927.72,382204.16
200112,55.74,107.89,199.91,270.61,379.15,471.69,601.23,756.41,968.26,1163.79,1460.06,1741.51,2178.95,2803.76,3688.32,5318.68,7536.79,12499.61,29154.48,398104.75
200201,59.55,115.18,197.55,272.9,373.81,485.8,589.1,742.64,920.22,1130.45,1416.98,1733.87,2167.8,2816.59,3852.78,5254.72,7955.17,12453.81,27523.36,369001.78
200202,56.24,118.34,194.43,281.83,394.83,486.58,597.13,747.5,948.31,1169.45,1455.13,1783.64,2209.93,2906.23,3812.33,5185.9,7962.36,12719.14,27720.54,382593.75
200203,65.89,136.65,223.98,318.81,439.24,547.15,671.42,826.66,1030.59,1257.59,1544.31,1948.35,2371.93,3034.8,4032.87,5750.79,8309.63,13604.81,29678.12,372089.34
200204,77.48,157.03,257.9,346.24,474.35,580.1,718.46,865.08,1070.02,1317.28,1596.81,1933.6,2446.05,3043.78,4008.54,5811.58,8192,13234.39,27843.38,313469.12
200205,76.51,149.79,248.96,338.78,445.22,546.78,691.21,851.39,1036.7,1265.34,1537.5,1900.14,2408.41,3034.6,4031.52,5653.45,8215.87,12885.13,27961.77,309462.19
200206,70.27,150.8,250.91,332.61,431.74,548.47,693.4,819.23,998.15,1204.49,1444.03,1751.84,2168.97,2785.88,3710.17,5108.7,7898.44,11903.22,26234.24,288692.25
200207,66.34,125.83,198.72,271.82,352.53,448.04,552.65,690.77,840.68,1026.98,1257.59,1557.69,1925.07,2515.34,3208.77,4629.53,7047.57,10673.97,23308.09,319996.25
200208,66.16,117.47,194.77,268.07,364.17,454.96,579.42,707.2,862.33,1081.92,1295.08,1586.03,1932.8,2558.12,3276.9,4774.28,7210.71,11178.81,23422.72,299976.53
200209,59.04,104.75,179.16,253.79,328.88,414.91,533.01,643.33,788.71,959.65,1180.06,1451.68,1773.13,2223.2,2962.64,4177.4,6562.7,9914.2,21161.73,245254.45
200210,58.54,110.6,182.91,239.62,341.39,419.54,529.15,647,812.22,993.02,1185.68,1478.33,1810.28,2267.56,3078.15,4337.76,6658.49,10378.18,21415.89,251224.14
200211,67.57,123.92,211.05,283.92,354.07,450.82,564.02,702.01,865.98,1073.62,1287.01,1596.8,2005.56,2488.56,3301.27,4689.31,6807.31,10562.25,22249.51,269829.66
200212,64.75,119.93,196.56,278.16,350.79,436.05,557.81,688.52,843.12,1055.09,1267.81,1559.16,1912.45,2380.78,3212.31,4512.81,6707.07,10356.6,20657.86,242269.61
200301,64.49,122.04,189.98,263.61,338.05,425.89,545.31,667.5,820.14,1025.05,1219.02,1491.09,1832.46,2309.33,3115.92,4396.98,6769.31,10157.95,19810.19,230230.75
200302,60.65,114.57,184.28,251.93,327.48,408.56,519.15,635.74,788.6,993.54,1206.21,1438.32,1799.1,2268.11,3103.52,4277.11,6533.37,9896.23,19374.16,239584.28
200303,61.31,118.56,180.34,252.26,334.28,412.45,532.27,656.17,822.46,995.8,1225.24,1489.61,1842.59,2247.59,3076.69,4446.79,6510.41,9979.54,19126.91,254360.2
200304,72.7,140.62,209.02,293.28,371.53,461.32,605.8,726.6,910.76,1091.93,1336.95,1623.82,1971.39,2446.06,3405.16,4627.13,7055.54,10525.36,20212.44,294299.53
200305,81.55,157.34,225.62,319.48,407.55,511.76,653.12,791.67,994.7,1176.08,1436.83,1760.35,2107.84,2665.48,3712.77,4938.4,7614.72,11724.21,22015.84,286838.22
200306,86.74,168.87,237.63,334.91,420.38,529.1,652.75,817.1,990.46,1194.98,1466.98,1791.07,2159.91,2742.3,3733.46,4949.53,7517.22,11823.4,22489.32,286638.31
200307,91.15,186.85,255.25,355.72,450.32,553.77,696.13,850.99,1043.13,1248.42,1512.93,1840.59,2237.69,2836.09,3871.83,5125.88,7557.52,12014.53,23558.13,284239.66
200308,97.93,192.73,267.99,381.41,481.04,583.96,733.28,887.04,1101.42,1291.45,1614.58,1965.42,2364.22,2983.99,4065.07,5435.3,7951.85,12456.65,24784.8,296257.25
200309,100.98,194.74,273.98,383.41,472.15,572.48,701.19,853.54,1071.77,1319.87,1582.99,1918.26,2352.06,3027.06,4009.02,5346.11,7627.2,12259.75,23550.98,332222.94
200310,112.71,216.57,302.09,408.92,520.34,636.86,739.66,925.29,1164.6,1370.84,1699.87,2070.38,2516.49,3180.63,4298.45,5771.06,8314.5,13496.36,25285.12,323307.19
200311,113.7,223.71,318.63,416.03,541.6,660.57,787.17,962.67,1215.21,1415.92,1749.39,2108.87,2587.91,3235.31,4420.21,6084.69,8422.15,13550.21,25737.44,319518
200312,133.69,239.73,342.69,452.29,576.79,712.22,841.61,1028.2,1256.8,1492.19,1790.27,2190.21,2698.4,3373.2,4672.6,6187.18,8726.93,13922.6,28661.82,311065.84
200401,139.28,259.84,362.17,470.49,596.71,723.4,854.83,1029.49,1289.34,1511.86,1843.16,2255.5,2783.39,3445.21,4627.45,6322.63,8836,14975.69,27694.99,336540.91
200402,141.53,258.24,363.03,498.31,605.11,739.52,878.56,1049.5,1323.03,1565.18,1895.63,2330,2830.03,3602.27,4712.33,6405.15,9111.03,15380.42,27761.17,325432.94
200403,146.19,266.27,380.42,500.72,612.85,739.38,895,1068.64,1363.41,1583.29,1915.13,2318.69,2845.61,3588.48,4655.34,6375.45,9166.49,15247.82,27002.23,307709.34
200404,139.45,257.33,358.63,495.76,591.99,709.66,861.13,1067.04,1321.42,1564.85,1841.4,2223.15,2801.29,3465.65,4607.43,6223.5,8928.19,14218.34,26985.11,333783.19
200405,139.67,253.27,360.19,493.37,597.45,719.4,881.66,1081.55,1332.16,1581.33,1863.9,2273.89,2882.8,3556.25,4628.12,6443.06,9095.49,14465.16,27202.04,346822.47
200406,154.68,272.17,400.72,535.9,646.57,766.61,922.3,1137.59,1364.77,1675.6,1935.36,2354.99,2915.95,3690.45,4711.03,6615.73,9428.16,14417.1,27543.86,342087.22
200407,153.22,264.51,381.61,511.18,621.23,744.24,882.55,1072.57,1323.81,1580.93,1856.72,2220.77,2805,3462.34,4476.28,6438.92,8970.64,13974.48,25907.07,351061.72
200408,148.69,252.99,381.58,509.58,617.67,753.27,887.48,1077.45,1327.08,1583.2,1857.47,2243.2,2782.65,3505.22,4388.62,6522.33,9143.02,14103.58,26153.84,346204.94
200409,150.31,263.35,401.32,540.56,651.87,784.69,928.18,1151.14,1386.2,1610.62,1942.53,2277.76,2822.28,3599.36,4623.26,6777.15,9556.43,14961.09,27126.28,355012.25
200410,152.08,266.19,395.92,552.41,660.85,789.6,956.24,1120.75,1392.47,1678.23,1968.39,2322.52,2903.05,3695.49,4676.27,6646.81,9806.89,15233.54,26910.1,360721.16
200411,165.24,293.86,454.1,621.86,728.35,882.05,1065.01,1243.04,1497.04,1815.94,2127.46,2477.4,3088.84,3973.9,5002.9,7056.69,10238.06,16367.07,28563.26,373830.62
200412,176.13,310.4,476.86,633.69,756.24,897.81,1093.76,1276.19,1521.63,1855.35,2166.58,2560.48,3149.25,4076.87,5148.23,7458.35,10563,16621.59,30021.16,385882.84
200501,172.5,306.81,473.53,602,731.09,873.03,1061.21,1257.47,1467.54,1772.12,2136.96,2522.72,3143.72,4073.33,5090.75,7196.19,10327.68,15923.63,28222.44,381971.16
200502,167.13,308.96,471.83,612.96,754.62,897.44,1097.09,1286.22,1497.97,1822.48,2206.38,2626.98,3306.48,4176.67,5239.1,7485.36,10616.95,16423.77,28415.82,404257.03
200503,162.1,303.48,471.18,603.86,734.95,890.07,1083.52,1267.48,1496.06,1768.98,2154.35,2552.91,3162.52,4133.1,5091.58,7132.53,10659.86,16547.88,28379.85,382449.5
200504,154.15,269.94,423.78,551.72,672.49,827.03,1024.55,1193.12,1364.66,1681.69,2042.9,2483.45,3022.16,3944.57,4975.24,6903.53,10247.94,15720.54,27962.53,383934.31
200505,164.17,286.2,443.3,598.77,719.7,904.52,1071.83,1285.71,1486.21,1764.9,2147.92,2571.77,3207.64,4225.03,5242.05,7273.27,10795.21,15974.22,28810.51,386903.97
200506,166.2,304.83,466.07,608.01,747.18,938.3,1126.98,1321.75,1558.81,1803.04,2211.49,2619.68,3335.76,4260.53,5311.55,7532.88,10931.6,16556.96,28801.63,367495.16
200507,179.38,322.77,486.44,625.57,786.98,978.39,1176.77,1389.4,1623.74,1880.82,2337.54,2831.03,3532.57,4441.44,5702.89,7858.94,11410.16,17182.29,30388.02,373986.94
200508,185.99,308.79,476.38,623.88,783.27,951.78,1166.97,1352.8,1593.24,1851.29,2240.84,2803.52,3417.7,4278.11,5570.06,7744.92,11462.5,16735.14,31515.04,377677.41
200509,176.58,312.99,478.76,614.39,779.57,954.51,1159.76,1358.65,1580.94,1893.69,2271.86,2851.04,3392.74,4349.44,5584,7986.93,11690.97,17159.91,31108.88,400628.09
200510,173.73,309.83,470.41,604.69,760.71,916.62,1109.58,1301,1546.77,1828.33,2166.58,2715.52,3241.42,4141.92,5498.11,7819.29,11117.97,16506.41,30606.35,358298.72
200511,176.47,325.07,473.89,627.3,785.97,950.42,1128.27,1353.67,1602.61,1929.92,2323.22,2842.47,3359.86,4253.25,5803.88,8066.87,11390.89,16886.22,31878.52,377423.5
200512,183.22,312.52,473.91,625.51,793.3,944.3,1121.87,1340.97,1615.04,1936.79,2271.21,2893.22,3416.67,4201.61,5770.06,8105.79,11504.5,17161.62,31923.27,370344.16
200601,193.57,352.7,524.54,700.5,852.83,1041.22,1223.62,1431.6,1689.55,2092.36,2527.48,3031.85,3581.51,4505.91,5931.67,8875.82,12741.65,17825.66,32171.32,384845.75
200602,193.76,339.28,502.27,697.47,857.2,1012.89,1213.98,1394.09,1682.69,2062.66,2543.21,3008.35,3606.87,4488.88,5923.97,8655.2,12362.57,17497.29,33425.74,362532.97
200603,197.54,361.03,546.25,732.98,889.87,1079.61,1253,1497.6,1771.31,2131.3,2600.51,3110.08,3703.72,4669.98,6116.13,8921.59,12744.68,17798.23,34406.13,371631.44
200604,193.07,358.81,537.94,748.56,898.52,1086.31,1276.82,1527.58,1761.11,2137.47,2655.25,3131.25,3743.21,4608.65,6110.63,8851.91,12892.69,17905.86,35187.36,384232.22
200605,183.65,346.41,519.82,698.02,855.56,1048.42,1210.13,1453.99,1709.38,2064.85,2539.08,3006.34,3588.86,4389,5788.04,8525.36,12308.7,17464.82,34951.7,368525.25
200606,190.78,356.97,514.72,684.04,837.59,1021.18,1213.37,1438.13,1697.7,2076.07,2520.87,2994.24,3551.63,4415.16,5859.03,8643,12289.99,17301.1,34773.8,371187.38
200607,184.04,342.46,493.44,636.76,807.09,980.03,1191.16,1409.81,1660.22,2017.56,2455.9,2907.07,3442.74,4308.3,5822.46,8792.62,12110.24,17897.55,32851.2,402714.28
200608,187.62,336.13,502.64,658.23,835.02,997.98,1197.89,1401.38,1673.4,2061.92,2465.8,2960.22,3519.82,4382.5,5776.47,8618.63,12612.34,18506.57,33636.18,402295.22
200609,183.26,344.62,496.51,685.78,837.71,1003.14,1190.22,1422.86,1727.41,2086.03,2456.62,2973.09,3656.26,4442.48,5971.23,8434.93,12599.46,18424.64,33494.69,398906.59
200610,201.88,364.51,534.11,710.23,887.21,1059.99,1277.4,1504.49,1800.11,2146.88,2583.8,3035.34,3698.63,4635.6,6211.06,8830.81,13015.29,19054.91,34409.62,416521.44
200611,210.15,369.31,564.16,731.55,939.68,1092.07,1319.35,1595.23,1873.17,2268.64,2675.13,3130.97,3732.03,4769.56,6291,9029.91,13129.89,19101.29,35093.6,447993.38
200612,226.57,380.87,570.48,749.9,924.47,1102.08,1305.18,1562.28,1863.48,2235.96,2733.6,3085.68,3742.69,4755.77,6246.26,8701.29,13494.87,19248.12,35301.67,446943.53
200701,235.67,383.08,594.02,740.12,929.69,1117.76,1337.14,1586.34,1889.47,2310.1,2821.13,3231.54,3937.15,4951.26,6288.81,9225.65,13623.07,19533.13,35128.06,432187.34
200702,238.3,369.44,576.68,746.49,921.04,1124.83,1336.55,1578.76,1961.53,2336.29,2812.6,3287.39,3978.36,4938.25,6382.76,9255.69,13957.14,19438.85,34609.24,408102.84
200703,242.52,380.57,588.47,746.99,948.07,1152.83,1373.8,1623.23,2017.57,2390.6,2842.58,3364.12,3999.6,5016.52,6486.32,9311.3,13986.79,20167.72,35694.91,428211.84
200704,258.59,390.27,609.18,759.77,994.52,1190.69,1405.04,1665.47,2038.19,2541.75,2942.45,3484.25,4208.89,5302.39,6704.84,9678.82,14408.7,21431,37492.99,447147.53
200705,262.3,402.25,618.67,783.29,1002.69,1222.98,1467.69,1754.35,2113.92,2627.22,3091.32,3578.55,4390.76,5412.68,6954.52,10009.16,15109.02,21783.53,39083.51,468519.06
200706,257.18,397.17,602.42,755.16,960.34,1176.55,1446.09,1716.31,2112.93,2661.75,3099.1,3615.35,4376.06,5334.7,6902.08,10105.26,14959.63,21598.8,39510.5,472518.69
200707,234.42,360.55,536.06,699.24,885.98,1103.51,1350.73,1620.91,1968.89,2467.62,2886.09,3359.11,4121.44,5093.82,6245.78,9394.38,14096.12,20503.45,37433.03,472130.97
200708,234.78,361.47,537.39,695.94,900.11,1101.7,1352.66,1641.28,1956.59,2408.48,2873.43,3371.24,4003.65,5028.57,6366.5,9210.03,13824.84,20726.12,37942.41,475481.06
200709,221.59,342.15,506.17,679.66,869.91,1097.99,1362.46,1660.13,1995.57,2427.14,2925.79,3444.8,4125.95,5220.57,6558.7,9384.88,14045.39,21289.79,40909.54,513362.03
200710,208.76,346.91,490.12,677.31,895.59,1115.52,1339.87,1660.78,2007.43,2435.17,2909.54,3460.84,4149.45,5267.05,6723.76,9469.42,13899.97,21874.22,41399.09,510200.66
200711,181.45,293.08,428.85,598.9,781.33,1016.6,1254.4,1563.24,1837.91,2234.36,2647.05,3267.83,4002.93,5044.13,6261.53,8986.2,13610.04,21120.66,38687.89,487136.91
200712,186.23,303.4,440.08,574.29,764.34,992.36,1263.44,1519.79,1809.92,2148.36,2578.42,3127.51,3896.52,4889.88,6339.45,8955.26,13390.68,21054.37,39107.16,511887.12
200801,187.7,300.09,406.36,555.38,732.32,936.88,1162.97,1408.05,1728.32,2088.48,2507.89,2994.92,3677.86,4520.86,5754.35,8441.07,12553.92,20591.62,36491.54,472057.28
200802,173.34,276.36,394.11,534.04,694.39,889.51,1125.44,1315.72,1712.29,2053.13,2472.25,2945.4,3572.74,4438.93,5923.41,8114.78,12486.23,19585.54,37154.63,465505.84
200803,175.27,279.83,400.29,528.62,679.1,889.72,1118.45,1333.18,1659.95,2009.88,2387.05,2880.2,3525.51,4379.94,5839.93,8010.15,12218.78,20061.96,36429.43,452505.28
200804,172.9,282.19,386.04,533.53,698.77,910.62,1161.78,1386.78,1698.42,2129.67,2535.01,3123.49,3611.14,4559.09,6194.25,8416.51,13209.63,21137.28,37513.32,496207.06
200805,179.2,274.59,402.61,558.82,721.93,943.45,1186.91,1455.11,1793.59,2246.37,2660.63,3197.43,3848.71,4899.28,6275.76,8688.48,13399.9,21174.28,39662.84,468980.69
200806,145.24,240.48,343.46,494.26,630.51,789.79,1014.01,1295.32,1583.66,1952.14,2485.37,2987.46,3674.7,4525.59,5734.68,7875.7,11992.35,19747.98,36301.54,465651.94
200807,134.55,258.16,347.75,495.59,661.32,838.58,1030.35,1281.74,1568.82,1925.45,2426.7,2953.01,3456.86,4338.41,5612.16,7430.1,11442,18840.38,35211.51,424967.5
200808,145.89,266.16,367.45,519.84,696.84,880.02,1082.11,1351.05,1636.97,2064.13,2536.02,2982.55,3618.02,4385.75,5789.75,7581.05,11443.59,18947.12,36314.13,415572.19
200809,125.35,237.33,338.03,495.87,636.3,797.6,980.85,1188,1477.2,1813.81,2227.88,2562.55,3108.43,3689.61,4748.33,6503.87,9835.8,16954.11,30024.68,403366.28
200810,78.7,146.53,229.98,337.87,456.09,570.92,727.2,886.84,1119.48,1364.81,1710.88,2057.79,2475.46,2930.05,3626.22,4922.9,7379.58,13089.24,24782.74,377048.47
200811,54.95,119.63,193.58,281.27,373.69,464.68,611.15,780.91,947.96,1164.97,1457,1842.89,2241.5,2693.26,3371.27,4527.21,6732.5,11837.2,21989.25,407694.91
200812,61.45,126.51,198.8,289.03,401.8,506.53,648.78,819.16,1003.95,1207.47,1508.42,1911.39,2312.17,2779.43,3452.05,4817.58,6984.89,12061.41,21516,406067.19
200901,50.18,103.94,170.83,246.75,352.99,449.09,590.53,725.91,915.45,1091,1410.89,1724.33,2139.19,2575.31,3178.9,4346.35,6234.47,11150.42,21394.18,389026.94
200902,40.63,74.01,135.87,203.7,274.02,373.21,497.66,614.14,748.83,959.78,1221.24,1543.32,1856.85,2269.69,2824.79,3914.3,5556.25,10164.06,19106.08,337870.41
200903,51.31,96.42,154.31,225.9,308.96,434.36,564.12,692.6,865.19,1061.48,1317.36,1712.92,2094.32,2464.26,3079,4224.21,6101.07,10775.35,20416.23,336525
200904,70.92,142.24,220.52,307.25,417.77,556.41,721.13,864.44,1067.15,1338.97,1596.06,1973.59,2405.42,2882.51,3548.08,4822.74,6957.86,12356.69,22913.38,328211.44
200905,88.57,149.15,234.24,326.34,445.5,569.99,739.73,906.63,1102.76,1401.17,1688.14,2034.46,2507.09,3010.37,3687.34,4967.41,7203.6,13521.66,23851.39,338407.88
200906,83.87,159.57,238.17,338.1,437.88,596.89,742.94,902.73,1088.53,1360.12,1670.32,2074.54,2497.6,2966.56,3783.41,4985.68,7393.03,13350.3,24026.05,341140.53
200907,100.87,189.35,262.33,384.89,482.22,634.76,814.15,1007.44,1211.88,1515.87,1871.83,2245.21,2758.97,3361.19,4029.72,5647.58,8251.93,14015.91,25786.15,338294.34
200908,115.95,213.6,316.14,419.06,523.79,704.99,867.49,1049.8,1288.9,1628.51,1998.97,2364.51,2872.65,3468.27,4161.71,6065.04,8830.09,15024.42,27645.5,332320.38
200909,130.73,235.43,344.85,459,568.7,744.23,941.15,1122.58,1376.88,1715.9,2099.91,2543.01,3029.06,3675.52,4436.53,6364.31,9128.87,15279.77,29107.02,329725.25
200910,114.84,212.04,313.85,413.12,528.7,693.41,867.2,1043.95,1276.57,1624.64,1973.24,2388.45,2891.12,3475.39,4219.43,6082.21,8689.72,15047.96,27203.91,340217.47
200911,123.04,205.54,328,423.96,554.36,698.9,883.16,1074.44,1330.91,1668.4,2065.76,2482.38,3040.22,3623.39,4409.94,6316.79,9188.16,15241.37,29354.3,356378.62
200912,129.28,230.1,341.8,466.87,605.09,757.31,953.06,1180.76,1404.87,1765.54,2215.03,2585.7,3206.8,3846.78,4701.73,6604.87,9644.12,16115.83,30048.17,322668.12
201001,128.37,211,327.6,447.8,582.17,716.53,938.3,1120.41,1376.13,1678.37,2112.3,2543.73,3052.96,3667.79,4597.58,6485.02,9233.97,15367.94,28919.7,304876.19
201002,135.4,231.22,331.21,468.07,592.92,744.33,988.65,1194.5,1437.81,1765.96,2124.2,2614.11,3167.97,3740.04,4845.23,6862.51,9697.79,15388.08,29193.36,306882.75
201003,148.29,254.33,375.45,514.93,630.76,802.09,1068.31,1291.05,1514.76,1859.24,2292.99,2834.11,3365.02,4004.79,5220.24,7366.12,10482.18,15751.99,30390.56,316230.88
201004,166.54,278.97,413.63,561.84,690.7,853.37,1117.42,1390.3,1631.12,1964.01,2429.93,2862.5,3483.52,4125.11,5343.49,7929.05,10555.23,16363.07,30038.35,318383.44
201005,158.59,256.87,386.58,502.58,638.22,764.06,1030.07,1255.56,1508.28,1815.42,2171.12,2607.75,3170.95,3797.97,4961.37,7227.77,9771.59,15452.36,27204.06,283061.31
201006,137.41,220.66,344.95,438.18,563.33,700.51,920.21,1135.46,1339.44,1604.91,1983.31,2422.09,2895.36,3533.16,4638.17,6760.69,9303.95,14619.86,25519.09,290959.69
201007,149.36,245.04,363.07,466,599.42,767.63,974.3,1211.65,1462.83,1757.27,2114.35,2551.29,3120.3,3826.31,5000.79,7273.42,9946.12,15547.16,27926.78,303890.56
201008,128.72,211.82,320.05,426.14,554.6,714.66,913.58,1144.07,1381.06,1631.77,1995.32,2375.08,2936.45,3622.28,4680.82,6706.77,9088.63,15177.23,26790.15,300976.56
201009,144.97,238.78,348.56,489.94,614.2,805.27,1034.93,1269.41,1565.13,1864.01,2241.7,2676.97,3194.41,3904.82,5208.79,7456.77,9991.07,16737.26,29577.16,314622.59
201010,149.61,243.6,360.86,505.67,659.1,824.69,1048.49,1302.4,1587.3,1935.76,2277.54,2753.3,3277.55,4071.2,5565.9,7754.11,10596.56,16798.14,31085.78,335309.06
201011,159.26,261.57,385.4,515.25,681.12,845.27,1095.99,1358.65,1633.83,1995.61,2388.08,2847.16,3311.33,4199.03,5694.25,7882.82,10836.55,17097.82,32140.61,350760.25
201012,171.37,287.22,426.79,568.43,753.25,940.5,1177.2,1469.89,1769.39,2147.35,2535.71,3013.6,3584.3,4475.59,6039.06,8284.78,11473.62,17569.65,34964.71,368711.78
201101,168.58,281.49,425.54,579.13,756.19,965.49,1206.86,1506.53,1802.46,2198.98,2595.63,3075.79,3676.08,4581.34,6443.71,8317.64,11680.73,18169.67,36158.27,406833.5
201102,197.99,311.74,443.24,630.88,786.57,1013.24,1270.58,1556.93,1885.39,2281.92,2790.73,3228.55,3820.05,4825.04,6508.28,8716.25,11977.07,18251.64,36995.2,424108.91
201103,192.85,320.96,462.2,664.37,801.42,1022.13,1289.8,1635.43,1920.49,2314.76,2843.19,3268.34,3940.18,5001.32,6689.67,8951.81,12012.76,18297.63,36417.83,417166.84
201104,197.62,327.79,462.92,660.82,801.78,1034.8,1304.47,1664.91,1982.22,2411.53,2883.97,3392.15,4135.76,5161.52,7035.54,9051.07,12685.83,18852.3,36468.01,433389.5
201105,193.29,313.76,450.73,632.15,800.45,1005.6,1244.14,1580.13,1953.25,2340.95,2804.09,3374.66,4098.44,5053.71,6704.88,9031.94,12420.19,19180.7,35561.61,411180.41
201106,180.07,296.65,440.27,596.26,782.88,988.14,1243.59,1581.11,1908.46,2267.69,2766.03,3258.87,3972.19,4870.5,6537.94,8971.92,12478.67,18770.1,34605.01,400884.88
201107,177.28,293.49,436.03,571.12,754.01,947.69,1195.49,1504.52,1833.2,2197.34,2622.3,3136.14,3794.04,4780.64,6410.21,8632.25,12200.14,18315.12,34393.18,387939
201108,141.65,258.99,387.07,508.93,674.34,826.13,1048.34,1353.74,1665,1972.23,2384.3,2905.57,3440.66,4502.46,5753.91,8253.9,11258.79,17449.2,33077.64,359893.75
201109,118.89,212.46,321.01,437.19,552.72,711.29,890.6,1196.64,1444.13,1716.31,2072.16,2543.06,3075.33,3860.14,5013.92,7610.34,10039.12,16206.35,28898.74,353135.41
201110,132.09,247.41,380.91,523.97,645.79,822.27,1096.28,1396.92,1682.73,2018.43,2428.59,2979.24,3541.17,4482.64,5653.99,8392.48,11688.05,18277.2,34001.8,379682.56
201111,126.22,236.22,365.18,507.18,631.91,800.62,1073.77,1387.93,1658.99,1976.62,2393.32,2863.27,3507.83,4324,5686.03,8164.71,11681.67,17585.04,33294.32,385565.66
201112,137.44,238.96,369.26,501.15,629.07,784.07,1074.59,1363.2,1661.07,2014.95,2400.76,2848.13,3522.15,4198.33,5591.94,7964.16,11231.3,17546.51,31754.89,406272.31
201201,161.72,254.62,407.15,567.38,684.59,851.27,1136.98,1470.81,1779.62,2115.64,2492.65,3070.5,3770.46,4586.66,5920.15,8333.78,11825.54,17785.11,34123.84,401383.22
201202,160.07,259.01,425.66,555.02,716.07,865.19,1143.43,1485.51,1841.49,2187.36,2571.59,3168.68,3838.31,4720.71,6262.95,8585.8,12260.75,18425.79,35219.58,407693.62
201203,166.88,266.16,441.15,577.28,727.58,877.4,1192.85,1497.81,1819.62,2177.07,2528.46,3214.78,3837.42,4743.55,6276.1,8543.11,12636.87,18352.06,36075.58,408777.69
201204,165.68,264.66,402.43,557.23,706.8,860.27,1174.82,1469.94,1795.93,2116.47,2513.99,3141.96,3790.74,4646.47,6110.68,8920.07,12194.22,18175.74,34558.32,406010.53
201205,144.33,253.23,367.36,495.18,636.33,786.95,1044.04,1345.65,1654.77,1928.13,2297.15,2811.98,3466.95,4351.02,5617.95,8111.56,11337.78,17558.86,31522.12,367686.84
201206,151.94,268.35,384.33,513.32,649,796.95,1087.37,1388.46,1695.83,1944.68,2314.59,2855.35,3460.9,4369.58,5564.6,8104.1,11742.69,17805.66,32164.91,400139.44
201207,152.64,239.04,365.44,486.89,613.61,795.27,1054.57,1355.39,1656.8,1935.87,2293.63,2910.53,3444.35,4336.43,5497.54,8074.01,11592.11,17215.63,31956.7,406124.94
201208,152.45,253.74,379.73,504.57,653.22,831.05,1106.88,1384.63,1722.13,2009.59,2418.21,2954.51,3562.25,4508.08,5708.29,8201.19,11821,18078.08,33433.14,402971.5
201209,156.1,261.65,408.14,530.28,715.63,890.2,1138.59,1447.73,1749.48,2051.42,2501.13,3002.56,3701.5,4616.1,5935.52,8432.88,12234.42,18443.32,33873.75,422127.59
201210,154.39,257.25,400.17,516.31,676.32,864.55,1103.16,1446.98,1742.52,2045.78,2491.77,3061.5,3667.27,4570.28,5885.22,8189.83,12090.16,18238.68,33259.06,420835.16
201211,155.22,274.43,401.53,535.06,687.85,871.29,1125.32,1426.5,1700.22,2052.63,2543.86,3125.5,3744.06,4605.3,6028.66,8394.55,11911.65,18100.29,33405.57,401860.47
201212,157.35,274.66,419.87,560.5,722.01,882.31,1148.83,1459.96,1788.74,2130.34,2593.42,3138.03,3777.83,4757.13,6342.36,8478.08,11762.81,18609.84,34978.33,394611.12
201301,169.84,296.87,443.87,591.01,748.89,951.2,1237.59,1571.34,1915.22,2247.44,2768.61,3422.42,4069.82,5177.4,6815.74,9379.61,12917.58,19673.08,37905.07,410204.06
201302,164.22,299.97,452.37,602.96,777.82,985.88,1250.11,1567.5,1954.55,2280.17,2802.02,3424.22,4207.77,5233.72,6867.48,9219.17,13071.24,20366.57,38692.6,401224.34
201303,176.17,314.51,470.83,626.52,802.33,1017.83,1301.58,1612.91,2029,2412.31,2911.02,3553.9,4411.4,5427.5,7299.31,9756.27,13659.89,20821.72,40342.22,403733.38
201304,175.26,316,467.13,609.44,797.99,1000.61,1276,1607.69,2060.45,2395.43,2917.26,3552.33,4432.96,5380.51,7308.66,9785.78,13861.56,21388.79,40494.73,395649.53
201305,197.3,334.01,501.21,647.34,848.72,1062.02,1347.46,1658.8,2123.45,2528.73,2906.28,3654.8,4572.61,5490.96,7456.79,9849.75,14280.7,22031.39,41222.27,402263.62
201306,189.11,328.46,492.86,636.26,816.12,1044.92,1325.7,1644.01,2090,2462.29,2879.31,3518.19,4452.28,5424.38,7185.77,9635.35,14091.75,21463.48,38912.48,401730.06
201307,200.65,346.3,503.88,676.84,902.58,1095.54,1363.07,1775.52,2202.39,2650.8,3040.63,3707.57,4681.99,5720.25,7669.17,10189.33,14784.69,22561.93,42405.9,416847.75
201308,196.35,333.77,491.84,647.8,865.22,1055.87,1356.33,1707.23,2137.75,2544.19,2975.95,3613.15,4567.94,5576.86,7471.58,10023.52,14407.11,22256.6,43083.85,383646.25
201309,214.15,359.55,511.2,713.07,928.22,1152.7,1423.93,1819.22,2214.31,2645.19,3141.11,3832.66,4755.22,5940.95,7700.77,10297.07,14602.69,22939.57,43988.93,378716.41
201310,219.45,371.07,523.7,708.35,942.7,1171.52,1466.1,1863.36,2343.91,2749.35,3325.07,4060.48,4989.63,6245.06,7857.4,10647.68,15084.89,23946.3,46834.85,394474.25
201311,228.45,381.32,560.45,727.43,975.37,1206.35,1546.99,1873.69,2395.28,2846.16,3462.24,4063.6,5011.24,6299.05,8032.99,10959.58,15789.87,24718.21,45040.88,408368.72
201312,245.63,386.74,564.74,749.77,1010.44,1245.25,1581.68,1942.64,2428.77,2923.48,3446.59,4166.06,5095.03,6559.47,8221.6,11458.05,16279.79,25789.14,46242.21,442093.62
201401,234.97,359.23,545.13,726.3,950.93,1175.56,1482.62,1823.44,2327.07,2806.24,3394.95,4061.49,5050.6,6311.1,8007.89,10650.07,15691.06,24906.35,45106.39,399513.62
201402,242.25,376.54,570.34,738.96,1015.01,1256.12,1536.15,1908.25,2463.58,2975.53,3504.34,4279.94,5188.07,6702.34,8661.43,11215.29,16419.92,26074.14,48793.77,416005.66
201403,242.12,381.7,560.49,763.16,1031.38,1284.55,1541.92,1943.88,2420.69,2891.41,3504.21,4271.69,5168.51,6473.36,8381.21,11528.38,16335.12,26745.49,47109.07,422098.59
201404,226.08,375.53,524.62,715.82,982.06,1240.09,1506.57,1897.26,2384.58,2805.25,3470.73,4223.16,5156.54,6605.5,8352.64,11389.18,16316.42,26263.75,49604.24,441421.12
201405,229.54,359.07,490.63,686.88,949.63,1229.09,1530.45,1976.83,2387.4,2789.37,3514.03,4242.14,5197.52,6670.14,8492.37,11353.9,16572.37,27216.4,49828.9,431713.5
201406,238.5,375.11,528.11,697.91,982.07,1272.02,1633.55,2063.1,2483.62,2969,3579.89,4386.07,5513.68,6772.93,8735.93,11471.25,16890.57,27302.81,47861.2,432357.69
201407,219.84,333.39,491.64,645.97,921.98,1174.97,1505.68,1923.44,2335.67,2776.56,3365.3,4115.91,5179.92,6505.68,8551.74,11149.04,16083.32,26639,49245.49,424885.47
201408,223.45,346.22,488.22,673.81,938.7,1186,1551.01,1968.01,2453.17,2911.75,3525.7,4224.69,5400.28,6704.32,8903.87,11638.64,16669.66,27307.11,52037.41,424166.25
201409,200.16,315.28,450.03,596.3,846.72,1105.35,1451.87,1801.03,2224.32,2734.64,3291.91,4023.66,5084.4,6497.6,8534.45,11179.08,16069.03,26339.3,51253.54,401094.28
201410,214.59,333.38,475.58,615.92,866.95,1180.32,1526.88,1926.71,2326.04,2888.09,3418.05,4081.87,5217.13,6658.39,8761.87,11212.25,16623.86,26381.05,47415.38,412438.34
201411,198.75,312.83,460.07,595,835.47,1122.57,1486.86,1866.6,2306.78,2840.04,3390.98,4041.11,4987.79,6629.78,8594.31,11309.24,16740.66,26913.56,50468.77,383394.25
201412,200.55,326.7,489.54,627.7,872.13,1164.39,1488.6,1882,2290.17,2857.81,3389.9,4039.49,4924.76,6719.76,8621.18,11165.46,16595.91,26274.62,49200.13,391482.19